{
    "metrics": {
        "http_req_failed": {
            "passes": 0,
            "fails": 1021,
            "thresholds": {
                "rate<0.01": false
            },
            "value": 0
        },
        "http_req_connecting": {
            "avg": 0.09568265817825661,
            "min": 0,
            "med": 0,
            "max": 15.632687,
            "p(90)": 0,
            "p(95)": 0
        },
        "checks": {
            "passes": 2042,
            "fails": 0,
            "thresholds": {
                "rate>0.99": false
            },
            "value": 1
        },
        "http_req_sending": {
            "max": 1.897141,
            "p(90)": 0.036559,
            "p(95)": 0.050822,
            "avg": 0.03155721155729677,
            "min": 0.010028,
            "med": 0.023419
        },
        "http_req_waiting": {
            "p(90)": 10.685206,
            "p(95)": 12.781586,
            "avg": 7.532674366307539,
            "min": 3.954148,
            "med": 6.557108,
            "max": 114.476547
        },
        "http_req_receiving": {
            "max": 8.267767,
            "p(90)": 0.36816,
            "p(95)": 0.742745,
            "avg": 0.20074710284035274,
            "min": 0.043966,
            "med": 0.075526
        },
        "http_req_blocked": {
            "min": 0.00297,
            "med": 0.004067,
            "max": 51.064248,
            "p(90)": 0.007803,
            "p(95)": 0.018623,
            "avg": 0.14074301077375098
        },
        "iterations": {
            "count": 1021,
            "rate": 17.13278445252277
        },
        "data_sent": {
            "count": 379812,
            "rate": 6373.395816338471
        },
        "vus_max": {
            "value": 20,
            "min": 20,
            "max": 20
        },
        "http_req_duration{expected_response:true}": {
            "max": 114.812983,
            "p(90)": 10.896493,
            "p(95)": 13.100564,
            "avg": 7.764978680705197,
            "min": 4.173238,
            "med": 6.732058
        },
        "http_reqs": {
            "count": 1021,
            "rate": 17.13278445252277
        },
        "iteration_duration": {
            "avg": 8.121667132223322,
            "min": 4.345581,
            "med": 6.965395,
            "max": 167.42423,
            "p(90)": 11.126037,
            "p(95)": 13.558222
        },
        "http_req_tls_handshaking": {
            "avg": 0,
            "min": 0,
            "med": 0,
            "max": 0,
            "p(90)": 0,
            "p(95)": 0
        },
        "business_failures": {
            "passes": 0,
            "fails": 1021,
            "thresholds": {
                "rate<0.01": false
            },
            "value": 0
        },
        "http_req_duration": {
            "max": 114.812983,
            "p(90)": 10.896493,
            "p(95)": 13.100564,
            "avg": 7.764978680705197,
            "min": 4.173238,
            "med": 6.732058,
            "thresholds": {
                "p(95)<1000": false
            }
        },
        "data_received": {
            "count": 2084882,
            "rate": 34985.1458520515
        },
        "vus": {
            "value": 0,
            "min": 0,
            "max": 0
        }
    },
    "root_group": {
        "name": "",
        "path": "",
        "id": "d41d8cd98f00b204e9800998ecf8427e",
        "groups": {},
        "checks": {
                "HTTP status is 200": {
                    "fails": 0,
                    "name": "HTTP status is 200",
                    "path": "::HTTP status is 200",
                    "id": "b99cf5b69b226f5caf2d6bf2ec0a940e",
                    "passes": 1021
                },
                "business code is 200": {
                    "name": "business code is 200",
                    "path": "::business code is 200",
                    "id": "7b67553a67c6ba1fd6edbef4b4d8d53d",
                    "passes": 1021,
                    "fails": 0
                }
            }
    }
}